<?xml version="1.0" encoding="UTF-8"?>
<metadata xml:lang="en"><Esri><CreaDate>20230124</CreaDate><CreaTime>15250600</CreaTime><ArcGISFormat>1.0</ArcGISFormat><SyncOnce>TRUE</SyncOnce><DataProperties><lineage><Process ToolSource="c:\program files (x86)\arcgis\desktop10.8\ArcToolbox\Toolboxes\Conversion Tools.tbx\PolygonToRaster" Date="20230124" Time="152506">PolygonToRaster mulch_maxent_&gt;9m gridcode C:\Users\dylan\Documents\School_Work\Rapa_Nui\Mulch_Estimates\Mulch_Cleaned_min.tif CELL_CENTER NONE 3.7</Process></lineage></DataProperties></Esri></metadata>
